{
  "Iakogo": 478579.11251899815,
  "Aszgd": 68337.0,
  "Armw": 5827.7310717888195
}